Title,Language,Link,Download
የመጽሐፍ ቅዱስ መዝገበ ቃላት - A Dictionary of the Holy Bible,amharic,https://en.z-lib.gs/book/1053818/53c4d5/%E1%8B%A8%E1%88%98%E1%8C%BD%E1%88%90%E1%8D%8D-%E1%89%85%E1%8B%B1%E1%88%B5-%E1%88%98%E1%8B%9D%E1%8C%88%E1%89%A0-%E1%89%83%E1%88%8B%E1%89%B5-a-dictionary-of-the-holy-bible.html,https://en.z-lib.gs/dl/1053818/251e31
Church Growth Principles,swahili,https://en.z-lib.gs/book/16740533/fd6164/church-growth-principles.html,https://en.z-lib.gs/dl/16740533/61136a
150 stories (Afrikaans Edition),afrikaans,https://en.z-lib.gs/book/5351114/c575d9/150-stories-afrikaans-edition.html,https://en.z-lib.gs/dl/5351114/0531a9
የኢትዮጵያ ታሪክ : ኑብያ-አክሱም ዛጕዬ እስከ ዐፄ ይኵኖ አምላክ ዘመነ መንግሥት,amharic,https://en.z-lib.gs/book/1217944/84e012/%E1%8B%A8%E1%8A%A2%E1%89%B5%E1%8B%AE%E1%8C%B5%E1%8B%AB-%E1%89%B3%E1%88%AA%E1%8A%AD-%E1%8A%91%E1%89%A5%E1%8B%AB%E1%8A%A0%E1%8A%AD%E1%88%B1%E1%88%9D-%E1%8B%9B%E1%8C%95%E1%8B%AC-%E1%8A%A5%E1%88%B5%E1%8A%A8-%E1%8B%90%E1%8D%84-%E1%8B%AD%E1%8A%B5%E1%8A%96-%E1%8A%A0%E1%88%9D%E1%88%8B%E1%8A%AD-%E1%8B%98%E1%88%98%E1%8A%90-%E1%88%98%E1%8A%95%E1%8C%8D%E1%88%A5%E1%89%B5.html,https://en.z-lib.gs/dl/1217944/5a3ef5
ዐፄ ምኒልክ እና የኢትዮጵያ አንድነት,amharic,https://en.z-lib.gs/book/1055276/19dcb5/%E1%8B%90%E1%8D%84-%E1%88%9D%E1%8A%92%E1%88%8D%E1%8A%AD-%E1%8A%A5%E1%8A%93-%E1%8B%A8%E1%8A%A2%E1%89%B5%E1%8B%AE%E1%8C%B5%E1%8B%AB-%E1%8A%A0%E1%8A%95%E1%8B%B5%E1%8A%90%E1%89%B5.html,https://en.z-lib.gs/dl/1055276/d52504
ዐፄ ዮሐንስ እና የኢትዮጵያ አንድነት,amharic,https://en.z-lib.gs/book/1055272/a646e7/%E1%8B%90%E1%8D%84-%E1%8B%AE%E1%88%90%E1%8A%95%E1%88%B5-%E1%8A%A5%E1%8A%93-%E1%8B%A8%E1%8A%A2%E1%89%B5%E1%8B%AE%E1%8C%B5%E1%8B%AB-%E1%8A%A0%E1%8A%95%E1%8B%B5%E1%8A%90%E1%89%B5.html,https://en.z-lib.gs/dl/1055272/a5683c
Die vrou in die blou mantel (Afrikaans Edition),afrikaans,https://en.z-lib.gs/book/5683451/fd0dde/die-vrou-in-die-blou-mantel-afrikaans-edition.html,https://en.z-lib.gs/dl/5683451/dadd07
"ታሪክና ምሳሌ ፩ኛ መጽሐፍ - Stories and Parables, 1st book",amharic,https://en.z-lib.gs/book/1053824/5c8272/%E1%89%B3%E1%88%AA%E1%8A%AD%E1%8A%93-%E1%88%9D%E1%88%B3%E1%88%8C-%E1%8A%9B-%E1%88%98%E1%8C%BD%E1%88%90%E1%8D%8D-stories-and-parables-1st-book.html,https://en.z-lib.gs/dl/1053824/461da8
"ታሪክና ምሳሌ ፪ኛ መጽሐፍ - Stories and Parables, 2nd book",amharic,https://en.z-lib.gs/book/1054377/1be134/%E1%89%B3%E1%88%AA%E1%8A%AD%E1%8A%93-%E1%88%9D%E1%88%B3%E1%88%8C-%E1%8A%9B-%E1%88%98%E1%8C%BD%E1%88%90%E1%8D%8D-stories-and-parables-2nd-book.html,https://en.z-lib.gs/dl/1054377/483c27
Spaghetti tussen jou tone (Afrikaans Edition),afrikaans,https://en.z-lib.gs/book/5659534/4afd5b/spaghetti-tussen-jou-tone-afrikaans-edition.html,https://en.z-lib.gs/dl/5659534/bb133c
"藏英汉对照拉萨语教程. A Lhasa Dialect Textbook In Tibetan, English, Chinese. བོད་དབྱིན་རྒྱ་གསུམ་ཤན་སྦྱར་གྱི་ལྟ་སའི་སྐད་སློབ་དེབ།",tigrinya,https://en.z-lib.gs/book/3265386/d36f00/%E8%97%8F%E8%8B%B1%E6%B1%89%E5%AF%B9%E7%85%A7%E6%8B%89%E8%90%A8%E8%AF%AD%E6%95%99%E7%A8%8B-a-lhasa-dialect-textbook-in-tibetan-english-chinese-%E0%BD%96-%E0%BD%91%E0%BD%91%E0%BD%96-%E0%BD%93%E0%BD%A2-%E0%BD%82%E0%BD%A6-%E0%BD%98%E0%BD%A4%E0%BD%93%E0%BD%A6-%E0%BD%A2%E0%BD%82-%E0%BD%A3-.html,https://en.z-lib.gs/dl/3265386/112a63
Liefde is wynrooi (Afrikaans Edition) (Romanza),afrikaans,https://en.z-lib.gs/book/5792027/07e213/liefde-is-wynrooi-afrikaans-edition-romanza.html,https://en.z-lib.gs/dl/5792027/2e8892
Wie met vuur speel,afrikaans,https://en.z-lib.gs/book/5351073/d3cc81/wie-met-vuur-speel.html,https://en.z-lib.gs/dl/5351073/04d8f4
Ewé O USO DAS PLANTAS NA SOCIEDADE IORUBÁ,yoruba,https://en.z-lib.gs/book/18411418/512591/ew%C3%A9-o-uso-das-plantas-na-sociedade-iorub%C3%81.html,https://en.z-lib.gs/dl/18411418/6cabeb
አማርኛ መዝገበ ቃላት,amharic,https://en.z-lib.gs/book/1053821/ed38a4/%E1%8A%A0%E1%88%9B%E1%88%AD%E1%8A%9B-%E1%88%98%E1%8B%9D%E1%8C%88%E1%89%A0-%E1%89%83%E1%88%8B%E1%89%B5.html,https://en.z-lib.gs/dl/1053821/a2f4a2
Leo (Afrikaans Edition),afrikaans,https://en.z-lib.gs/book/26705110/e821cc/leo-afrikaans-edition.html,https://en.z-lib.gs/dl/26705110/01e2d7
Prooi (Afrikaans Edition),afrikaans,https://en.z-lib.gs/book/5683438/9ad4c0/prooi-afrikaans-edition.html,https://en.z-lib.gs/dl/5683438/b9a0e0
Fiela se kind,afrikaans,https://en.z-lib.gs/book/5351062/9cbf49/fiela-se-kind.html,https://en.z-lib.gs/dl/5351062/f9011d
አለቃ ገብረሐና እና አስቂኝ ቀልዶቻቸው,amharic,https://en.z-lib.gs/book/1054397/489558/%E1%8A%A0%E1%88%88%E1%89%83-%E1%8C%88%E1%89%A5%E1%88%A8%E1%88%90%E1%8A%93-%E1%8A%A5%E1%8A%93-%E1%8A%A0%E1%88%B5%E1%89%82%E1%8A%9D-%E1%89%80%E1%88%8D%E1%8B%B6%E1%89%BB%E1%89%B8%E1%8B%8D.html,https://en.z-lib.gs/dl/1054397/f80cb9
Toe soen jy my (Afrikaans Edition),afrikaans,https://en.z-lib.gs/book/5792010/705830/toe-soen-jy-my-afrikaans-edition.html,https://en.z-lib.gs/dl/5792010/a80827
Feniks,afrikaans,https://en.z-lib.gs/book/5619878/7be128/feniks.html,https://en.z-lib.gs/dl/5619878/61393b
Tuki kamusi ya kiswahili-kiingereza. Swahili-English dictionary,swahili,https://en.z-lib.gs/book/3242992/c206d8/tuki-kamusi-ya-kiswahilikiingereza-swahilienglish-dictionary.html,https://en.z-lib.gs/dl/3242992/164bb2
13 uur,afrikaans,https://en.z-lib.gs/book/5351066/3e879b/13-uur.html,https://en.z-lib.gs/dl/5351066/69a128
Moord op Griekwastad. Die storie van die Steenkamp-treurspel,afrikaans,https://en.z-lib.gs/book/2540905/7fdae2/moord-op-griekwastad-die-storie-van-die-steenkamptreurspel.html,https://en.z-lib.gs/dl/2540905/8c9606
Merk (Afrikaans Edition),afrikaans,https://en.z-lib.gs/book/5838572/f706a0/merk-afrikaans-edition.html,https://en.z-lib.gs/dl/5838572/6e1e6e
多吉杰博 常用藏族谚语词典,tigrinya,https://en.z-lib.gs/book/3269950/d609d2/%E5%A4%9A%E5%90%89%E6%9D%B0%E5%8D%9A-%E5%B8%B8%E7%94%A8%E8%97%8F%E6%97%8F%E8%B0%9A%E8%AF%AD%E8%AF%8D%E5%85%B8.html,https://en.z-lib.gs/dl/3269950/8fa7c4
Orion,afrikaans,https://en.z-lib.gs/book/5351070/b64306/orion.html,https://en.z-lib.gs/dl/5351070/5d146d
Ndoto Ya Amerika,swahili,https://en.z-lib.gs/book/21424449/1be918/ndoto-ya-amerika.html,https://en.z-lib.gs/dl/21424449/228069
张国焘传.txt,hausa,https://en.z-lib.gs/book/15932463/8d4ce0/%E5%BC%A0%E5%9B%BD%E7%84%98%E4%BC%A0txt.html,https://en.z-lib.gs/dl/15932463/5b5da4
Ultrasatyn 2 (Afrikaans Edition),afrikaans,https://en.z-lib.gs/book/5312770/f0b113/ultrasatyn-2-afrikaans-edition.html,https://en.z-lib.gs/dl/5312770/6d842f
Donker Web,afrikaans,https://en.z-lib.gs/book/19266821/3c5879/donker-web.html,https://en.z-lib.gs/dl/19266821/1bf10b
Teach Yourself Zulu Complete Course for Beginners,afrikaans,https://en.z-lib.gs/book/2996505/ff0a25/teach-yourself-zulu-complete-course-for-beginners.html,https://en.z-lib.gs/dl/2996505/923f71
English Yoruba Dictionary,afrikaans,https://en.z-lib.gs/book/3163973/69bf8c/english-yoruba-dictionary.html,https://en.z-lib.gs/dl/3163973/5edfa2
Liewe Heksie se groot omnibus,afrikaans,https://en.z-lib.gs/book/11563380/8de054/liewe-heksie-se-groot-omnibus.html,https://en.z-lib.gs/dl/11563380/d73e36
Hartklop - Omnibus 02,afrikaans,https://en.z-lib.gs/book/5312772/8a4cb5/hartklop-omnibus-02.html,https://en.z-lib.gs/dl/5312772/9842fc
Minder as niks (Afrikaans Edition),afrikaans,https://en.z-lib.gs/book/19251216/d8da08/minder-as-niks-afrikaans-edition.html,https://en.z-lib.gs/dl/19251216/e15ca8
Jy Is Huis Vir My,afrikaans,https://en.z-lib.gs/book/5351078/193fba/jy-is-huis-vir-my.html,https://en.z-lib.gs/dl/5351078/4419dc
ወዳጀ ልቤና ሌሎችም,amharic,https://en.z-lib.gs/book/1054392/7e2b0c/%E1%8B%88%E1%8B%B3%E1%8C%80-%E1%88%8D%E1%89%A4%E1%8A%93-%E1%88%8C%E1%88%8E%E1%89%BD%E1%88%9D.html,https://en.z-lib.gs/dl/1054392/f4ef48
Hartklop - Omnibus 04,afrikaans,https://en.z-lib.gs/book/5312774/7130cf/hartklop-omnibus-04.html,https://en.z-lib.gs/dl/5312774/19c2bd
1 Recce: Die nag behoort aan ons,afrikaans,https://en.z-lib.gs/book/5873789/7c563c/1-recce-die-nag-behoort-aan-ons.html,https://en.z-lib.gs/dl/5873789/58ae72
Comprehensive Igbo Language: A Contemporary Guide for Beginners and Intermediate Learners,igbo,https://en.z-lib.gs/book/11368323/84a127/comprehensive-igbo-language-a-contemporary-guide-for-beginners-and-intermediate-learners.html,https://en.z-lib.gs/dl/11368323/105f8d
Moord-en-roof. In die kop van 'n baasspeurder,afrikaans,https://en.z-lib.gs/book/2541283/3545c8/moordenroof-in-die-kop-van-n-baasspeurder.html,https://en.z-lib.gs/dl/2541283/95aa0b
Hartklop - Omnibus 01,afrikaans,https://en.z-lib.gs/book/5312771/eca6f6/hartklop-omnibus-01.html,https://en.z-lib.gs/dl/5312771/beb2fd
Louisa du Toit - Omnibus 03 (Melodie),afrikaans,https://en.z-lib.gs/book/5312777/ca4b52/louisa-du-toit-omnibus-03-melodie.html,https://en.z-lib.gs/dl/5312777/f1ae12
Ikarus,afrikaans,https://en.z-lib.gs/book/5351067/98d59e/ikarus.html,https://en.z-lib.gs/dl/5351067/ed6778
Speurder Kwaaikofski 1: Die kougomstrik,afrikaans,https://en.z-lib.gs/book/4178466/e1264a/speurder-kwaaikofski-1-die-kougomstrik.html,https://en.z-lib.gs/dl/4178466/56faa5
Omnibus 21,afrikaans,https://en.z-lib.gs/book/5351082/b325df/omnibus-21.html,https://en.z-lib.gs/dl/5351082/ac5f61
Donkerdrif (Afrikaans Edition),afrikaans,https://en.z-lib.gs/book/19252103/2f3bde/donkerdrif-afrikaans-edition.html,https://en.z-lib.gs/dl/19252103/5a138a
Visioene van Siener v Rensburg 1916 - 1926,afrikaans,https://en.z-lib.gs/book/5320971/f8ba98/visioene-van-siener-v-rensburg-1916-1926.html,https://en.z-lib.gs/dl/5320971/c11f47
ኦሮማይ - Oromay,amharic,https://en.z-lib.gs/book/1050019/31d464/%E1%8A%A6%E1%88%AE%E1%88%9B%E1%8B%AD-oromay.html,https://en.z-lib.gs/dl/1050019/bc84b1
Volmaan (Romanza),afrikaans,https://en.z-lib.gs/book/5320955/71c623/volmaan-romanza.html,https://en.z-lib.gs/dl/5320955/f84e74
Liefde in die Ou Kaap Omnibus,afrikaans,https://en.z-lib.gs/book/5351599/5a8cad/liefde-in-die-ou-kaap-omnibus.html,https://en.z-lib.gs/dl/5351599/575b1f
Die dooies praat nie (Afrikaans Edition),afrikaans,https://en.z-lib.gs/book/17050142/f4e74a/die-dooies-praat-nie-afrikaans-edition.html,https://en.z-lib.gs/dl/17050142/903116
Onweerstaanbare passie - Omnibus (Romanza),afrikaans,https://en.z-lib.gs/book/19253214/6c650b/onweerstaanbare-passie-omnibus-romanza.html,https://en.z-lib.gs/dl/19253214/216d92
Afrikaans sonder grense: 11 Eerste addisionele taal,afrikaans,https://en.z-lib.gs/book/3679149/77ccde/afrikaans-sonder-grense-11-eerste-addisionele-taal.html,https://en.z-lib.gs/dl/3679149/c947f7
Op soek na 'n held,afrikaans,https://en.z-lib.gs/book/5351045/19c426/op-soek-na-n-held.html,https://en.z-lib.gs/dl/5351045/023470
Die Brug: Na die hel en terug in Angola (Afrikaans Edition),afrikaans,https://en.z-lib.gs/book/5867228/c54191/die-brug-na-die-hel-en-terug-in-angola-afrikaans-edition.html,https://en.z-lib.gs/dl/5867228/baa6eb
Omnibus 6,afrikaans,https://en.z-lib.gs/book/5312783/318cc2/omnibus-6.html,https://en.z-lib.gs/dl/5312783/c2ba81
Spoor,afrikaans,https://en.z-lib.gs/book/5351072/02a76f/spoor.html,https://en.z-lib.gs/dl/5351072/174fd2
Omnibus 1,afrikaans,https://en.z-lib.gs/book/5312778/20aeb8/omnibus-1.html,https://en.z-lib.gs/dl/5312778/c048df
Slagyster,afrikaans,https://en.z-lib.gs/book/5351590/1be212/slagyster.html,https://en.z-lib.gs/dl/5351590/8d07ed
Die ooreenkoms,afrikaans,https://en.z-lib.gs/book/5351628/6f19fa/die-ooreenkoms.html,https://en.z-lib.gs/dl/5351628/422ec7
#liefvirjou (Afrikaans Edition),afrikaans,https://en.z-lib.gs/book/5792025/d06166/liefvirjou-afrikaans-edition.html,https://en.z-lib.gs/dl/5792025/e0a91e
Kringe in 'n bos,afrikaans,https://en.z-lib.gs/book/5351063/c2362a/kringe-in-n-bos.html,https://en.z-lib.gs/dl/5351063/af9a9b
Orion,afrikaans,https://en.z-lib.gs/book/5351071/58aebe/orion.html,https://en.z-lib.gs/dl/5351071/02a529
Kobra,afrikaans,https://en.z-lib.gs/book/5351069/aa8e05/kobra.html,https://en.z-lib.gs/dl/5351069/b0f50d
Kidagaa kimemwozea,swahili,https://en.z-lib.gs/book/22460347/2dbe70/kidagaa-kimemwozea.html,https://en.z-lib.gs/dl/22460347/55aee2
Hartedief (Afrikaans Edition),afrikaans,https://en.z-lib.gs/book/19251576/85c608/hartedief-afrikaans-edition.html,https://en.z-lib.gs/dl/19251576/ecdfd6
"'n Kameel, 'n sprinkaan en 'n vrot tamatie",afrikaans,https://en.z-lib.gs/book/4140356/d0ec2a/n-kameel-n-sprinkaan-en-n-vrot-tamatie.html,https://en.z-lib.gs/dl/4140356/6b280b
Splinters van liefde - Omnibus (Romanza),afrikaans,https://en.z-lib.gs/book/19234842/987a12/splinters-van-liefde-omnibus-romanza.html,https://en.z-lib.gs/dl/19234842/42ec93
7 Dae,afrikaans,https://en.z-lib.gs/book/5351065/5a6237/7-dae.html,https://en.z-lib.gs/dl/5351065/2a33ce
Altyd net jy,afrikaans,https://en.z-lib.gs/book/5792008/997209/altyd-net-jy.html,https://en.z-lib.gs/dl/5792008/d42830
Omnibus 8,afrikaans,https://en.z-lib.gs/book/5351601/4028eb/omnibus-8.html,https://en.z-lib.gs/dl/5351601/d7ed1a
Middernagminnaar,afrikaans,https://en.z-lib.gs/book/5351276/849ca0/middernagminnaar.html,https://en.z-lib.gs/dl/5351276/5a4770
Misverstand (Afrikaans Edition),afrikaans,https://en.z-lib.gs/book/5351512/faf92c/misverstand-afrikaans-edition.html,https://en.z-lib.gs/dl/5351512/2b7ff8
Ranna03_Sondebok,afrikaans,https://en.z-lib.gs/book/5351387/ef4287/ranna03sondebok.html,https://en.z-lib.gs/dl/5351387/c15d75
Die Snip Van Sesdorings,afrikaans,https://en.z-lib.gs/book/5351325/05c040/die-snip-van-sesdorings.html,https://en.z-lib.gs/dl/5351325/f108de
Maelezo ya methali za Kiswahili,swahili,https://en.z-lib.gs/book/3200365/bd06dc/maelezo-ya-methali-za-kiswahili.html,https://en.z-lib.gs/dl/3200365/b80c47
公共基础知识.txt,hausa,https://en.z-lib.gs/book/16240890/ac82f4/%E5%85%AC%E5%85%B1%E5%9F%BA%E7%A1%80%E7%9F%A5%E8%AF%86txt.html,https://en.z-lib.gs/dl/16240890/fb8864
Afrikaans sonder grense: 12 Eerste addisionele taal,afrikaans,https://en.z-lib.gs/book/3679151/2c276e/afrikaans-sonder-grense-12-eerste-addisionele-taal.html,https://en.z-lib.gs/dl/3679151/7efe5d
Party dinge is vir altyd (Afrikaans Edition),afrikaans,https://en.z-lib.gs/book/19314706/5fb71f/party-dinge-is-vir-altyd-afrikaans-edition.html,https://en.z-lib.gs/dl/19314706/bf3583
Aan die einde van die reënboog,afrikaans,https://en.z-lib.gs/book/3996800/0b8ecd/aan-die-einde-van-die-re%C3%ABnboog.html,https://en.z-lib.gs/dl/3996800/1ede05
Thirteen Cents: A Novel (Modern African Writing Series),afrikaans,https://en.z-lib.gs/book/5351408/082cac/thirteen-cents-a-novel-modern-african-writing-series.html,https://en.z-lib.gs/dl/5351408/7081e5
Omnibus 40,afrikaans,https://en.z-lib.gs/book/5351090/565ab6/omnibus-40.html,https://en.z-lib.gs/dl/5351090/f135c4
የሳይንስና ቴክኖሎጂ መዝገበ ቃላት (እንግሊዝኛ - አማርኛ) = Science and Technology Dictionary (English - Amharic),amharic,https://en.z-lib.gs/book/2987910/87d6dd/%E1%8B%A8%E1%88%B3%E1%8B%AD%E1%8A%95%E1%88%B5%E1%8A%93-%E1%89%B4%E1%8A%AD%E1%8A%96%E1%88%8E%E1%8C%82-%E1%88%98%E1%8B%9D%E1%8C%88%E1%89%A0-%E1%89%83%E1%88%8B%E1%89%B5-%E1%8A%A5%E1%8A%95%E1%8C%8D%E1%88%8A%E1%8B%9D%E1%8A%9B-%E1%8A%A0%E1%88%9B%E1%88%AD%E1%8A%9B-science-and-technology-dictionary-english-amharic.html,https://en.z-lib.gs/dl/2987910/062927
Kopskoot,afrikaans,https://en.z-lib.gs/book/5351589/f1c467/kopskoot.html,https://en.z-lib.gs/dl/5351589/54ab81
Stories vir die kleingoed (Afrikaans Edition),afrikaans,https://en.z-lib.gs/book/5659526/fd4e7d/stories-vir-die-kleingoed-afrikaans-edition.html,https://en.z-lib.gs/dl/5659526/da5105
Onderwêreld (Afrikaans Edition),afrikaans,https://en.z-lib.gs/book/19244372/2ea7f6/onderw%C3%AAreld-afrikaans-edition.html,https://en.z-lib.gs/dl/19244372/48a117
Abel se lot,afrikaans,https://en.z-lib.gs/book/3997003/4fae84/abel-se-lot.html,https://en.z-lib.gs/dl/3997003/711736
መጽሐፈ፡ሰዋስው፡ወግስ፡ወመዝገበ፡ቃላት፡ሐዲስ።,amharic,https://en.z-lib.gs/book/1200526/dd4c6a/%E1%88%98%E1%8C%BD%E1%88%90%E1%8D%88%E1%88%B0%E1%8B%8B%E1%88%B5%E1%8B%8D%E1%8B%88%E1%8C%8D%E1%88%B5%E1%8B%88%E1%88%98%E1%8B%9D%E1%8C%88%E1%89%A0%E1%89%83%E1%88%8B%E1%89%B5%E1%88%90%E1%8B%B2%E1%88%B5.html,https://en.z-lib.gs/dl/1200526/bfb6b7
Karoonag en ander verhale,afrikaans,https://en.z-lib.gs/book/5351068/ed994b/karoonag-en-ander-verhale.html,https://en.z-lib.gs/dl/5351068/f716fa
Ena Murray - omnibus 36,afrikaans,https://en.z-lib.gs/book/5351086/364f90/ena-murray-omnibus-36.html,https://en.z-lib.gs/dl/5351086/6d44d5
Omnibus 3,afrikaans,https://en.z-lib.gs/book/5312780/e60723/omnibus-3.html,https://en.z-lib.gs/dl/5312780/c69e7b
በአዲስ ስርዓት የተሰናዳ የአማርኛ ሰዋስው,amharic,https://en.z-lib.gs/book/1128059/78410a/%E1%89%A0%E1%8A%A0%E1%8B%B2%E1%88%B5-%E1%88%B5%E1%88%AD%E1%8B%93%E1%89%B5-%E1%8B%A8%E1%89%B0%E1%88%B0%E1%8A%93%E1%8B%B3-%E1%8B%A8%E1%8A%A0%E1%88%9B%E1%88%AD%E1%8A%9B-%E1%88%B0%E1%8B%8B%E1%88%B5%E1%8B%8D.html,https://en.z-lib.gs/dl/1128059/fd5018
Vergeet van reëls (Afrikaans Edition),afrikaans,https://en.z-lib.gs/book/19241969/bf7b9a/vergeet-van-re%C3%ABls-afrikaans-edition.html,https://en.z-lib.gs/dl/19241969/4e744e
Ratels aan die Lomba: Die storie van Charlie-eskadron (Afrikaans Edition),afrikaans,https://en.z-lib.gs/book/5867353/414069/ratels-aan-die-lomba-die-storie-van-charlieeskadron-afrikaans-edition.html,https://en.z-lib.gs/dl/5867353/096fe6
Nuwe drome - Omnibus (Romanza),afrikaans,https://en.z-lib.gs/book/19266136/725669/nuwe-drome-omnibus-romanza.html,https://en.z-lib.gs/dl/19266136/b6985d
Afrikaans sonder grense: 9 Eerste addisionele taal,afrikaans,https://en.z-lib.gs/book/11641025/062cd1/afrikaans-sonder-grense-9-eerste-addisionele-taal.html,https://en.z-lib.gs/dl/11641025/183b98
ዐዲስ፡ያማርኛ፡መዝገበ፡ቃላት,amharic,https://en.z-lib.gs/book/1203994/c718b8/%E1%8B%90%E1%8B%B2%E1%88%B5%E1%8B%AB%E1%88%9B%E1%88%AD%E1%8A%9B%E1%88%98%E1%8B%9D%E1%8C%88%E1%89%A0%E1%89%83%E1%88%8B%E1%89%B5.html,https://en.z-lib.gs/dl/1203994/c4845b
Leer my liefhê (Afrikaans Edition),afrikaans,https://en.z-lib.gs/book/5351268/56c3b7/leer-my-liefh%C3%AA-afrikaans-edition.html,https://en.z-lib.gs/dl/5351268/638dc3
Om jou te vind - Omnibus (Romanza),afrikaans,https://en.z-lib.gs/book/19266113/75dbfb/om-jou-te-vind-omnibus-romanza.html,https://en.z-lib.gs/dl/19266113/c5d8cb
"Dis Ek, Anna: Die Volle Verhaal",afrikaans,https://en.z-lib.gs/book/5650821/674c8b/dis-ek-anna-die-volle-verhaal.html,https://en.z-lib.gs/dl/5650821/c931e8
The Science of Sexual Fantasy and Desire,oromo,https://en.z-lib.gs/book/19232751/aa1aa8/the-science-of-sexual-fantasy-and-desire.html,https://en.z-lib.gs/dl/19232751/8f5bbb
Ter wille van ’n erfgenaam (Modern) (Afrikaans Edition),afrikaans,https://en.z-lib.gs/book/5312697/4c5097/ter-wille-van-n-erfgenaam-modern-afrikaans-edition.html,https://en.z-lib.gs/dl/5312697/1e724b
Hartklop - Omnibus 03,afrikaans,https://en.z-lib.gs/book/5312773/0c285c/hartklop-omnibus-03.html,https://en.z-lib.gs/dl/5312773/1b5285
Malan02_'n Nuwe lente,afrikaans,https://en.z-lib.gs/book/5351633/913b87/malan02n-nuwe-lente.html,https://en.z-lib.gs/dl/5351633/9fc935
እንጉርጉሮ,amharic,https://en.z-lib.gs/book/1204351/662906/%E1%8A%A5%E1%8A%95%E1%8C%89%E1%88%AD%E1%8C%89%E1%88%AE.html,https://en.z-lib.gs/dl/1204351/195c4b
Die Bybel 2020-vertaling met Deuterokanonieke boeke (Afrikaans Edition),afrikaans,https://en.z-lib.gs/book/11623943/769cf2/die-bybel-2020vertaling-met-deuterokanonieke-boeke-afrikaans-edition.html,https://en.z-lib.gs/dl/11623943/098e1e
የካም፡መታሰቢያ,amharic,https://en.z-lib.gs/book/1173431/a63774/%E1%8B%A8%E1%8A%AB%E1%88%9D%E1%88%98%E1%89%B3%E1%88%B0%E1%89%A2%E1%8B%AB.html,https://en.z-lib.gs/dl/1173431/6991ba
Tweede kans op Geluk (Romanza),afrikaans,https://en.z-lib.gs/book/19242180/57e3e4/tweede-kans-op-geluk-romanza.html,https://en.z-lib.gs/dl/19242180/e2635d
Perke (E-rotika),afrikaans,https://en.z-lib.gs/book/19236547/e0d486/perke-erotika.html,https://en.z-lib.gs/dl/19236547/3c342f
Huisgenoot Beste Resepte 100 Jaar se Gunstelinge,afrikaans,https://en.z-lib.gs/book/19329819/e98a5b/huisgenoot-beste-resepte-100-jaar-se-gunstelinge.html,https://en.z-lib.gs/dl/19329819/da921b
Bantu Cosmology & the Origins of Egyptian Civilization Notes,afrikaans,https://en.z-lib.gs/book/3264125/71fd51/bantu-cosmology-the-origins-of-egyptian-civilization-notes.html,https://en.z-lib.gs/dl/3264125/15cb1a
Bruid in ’n goue hok (Modern) (Afrikaans Edition),afrikaans,https://en.z-lib.gs/book/5312651/c38c5a/bruid-in-n-goue-hok-modern-afrikaans-edition.html,https://en.z-lib.gs/dl/5312651/e16472
Omnibus 7,afrikaans,https://en.z-lib.gs/book/5312784/7fb6a9/omnibus-7.html,https://en.z-lib.gs/dl/5312784/0fe57f
Helena Hugo Omnibus,afrikaans,https://en.z-lib.gs/book/5351360/2564d7/helena-hugo-omnibus.html,https://en.z-lib.gs/dl/5351360/b1b469
Snydokter,afrikaans,https://en.z-lib.gs/book/5351434/62a1b9/snydokter.html,https://en.z-lib.gs/dl/5351434/1b8883
Romanza Omnibus,afrikaans,https://en.z-lib.gs/book/19263738/b877bd/romanza-omnibus.html,https://en.z-lib.gs/dl/19263738/b9eccc
Meer as net 'n nag,afrikaans,https://en.z-lib.gs/book/19239945/2d7594/meer-as-net-n-nag.html,https://en.z-lib.gs/dl/19239945/02b89a
ፍቅር እስከ መቃብር,amharic,https://en.z-lib.gs/book/1045981/613ac0/%E1%8D%8D%E1%89%85%E1%88%AD-%E1%8A%A5%E1%88%B5%E1%8A%A8-%E1%88%98%E1%89%83%E1%89%A5%E1%88%AD.html,https://en.z-lib.gs/dl/1045981/37814a
Tibetan-English Dictionary of Buddhist Terminology,tigrinya,https://en.z-lib.gs/book/3139308/ce9d5a/tibetanenglish-dictionary-of-buddhist-terminology.html,https://en.z-lib.gs/dl/3139308/fee6e9
Bennie Griessel 1: Infanta,afrikaans,https://en.z-lib.gs/book/19263728/ea0970/bennie-griessel-1-infanta.html,https://en.z-lib.gs/dl/19263728/3894f0
An Introduction to the Grammar of the Tibetan Language,tigrinya,https://en.z-lib.gs/book/2982221/a853e2/an-introduction-to-the-grammar-of-the-tibetan-language.html,https://en.z-lib.gs/dl/2982221/bbb8ce
’n Ander vrou se rok (Afrikaans Edition),afrikaans,https://en.z-lib.gs/book/5351422/da6ac1/n-ander-vrou-se-rok-afrikaans-edition.html,https://en.z-lib.gs/dl/5351422/e2b9c8
Anna se man (Afrikaans edition),afrikaans,https://en.z-lib.gs/book/19242224/0f9879/anna-se-man-afrikaans-edition.html,https://en.z-lib.gs/dl/19242224/57abd7
"Vergewe, maar nie vergete nie? (Modern) (Afrikaans Edition)",afrikaans,https://en.z-lib.gs/book/5312696/7ba682/vergewe-maar-nie-vergete-nie-modern-afrikaans-edition.html,https://en.z-lib.gs/dl/5312696/e0bfe2
Afkop (Afrikaans Edition),afrikaans,https://en.z-lib.gs/book/5351134/e8b715/afkop-afrikaans-edition.html,https://en.z-lib.gs/dl/5351134/f6db02
Kamphoer,afrikaans,https://en.z-lib.gs/book/5351092/44618a/kamphoer.html,https://en.z-lib.gs/dl/5351092/bfbe0a
Lien se lankstaanskoene: 1 (Afrikaans Edition),afrikaans,https://en.z-lib.gs/book/19256544/ead0ec/lien-se-lankstaanskoene-1-afrikaans-edition.html,https://en.z-lib.gs/dl/19256544/5799f2
Abel se ontwaking,afrikaans,https://en.z-lib.gs/book/3997004/23f560/abel-se-ontwaking.html,https://en.z-lib.gs/dl/3997004/6b905a
Gunstelinge 3,afrikaans,https://en.z-lib.gs/book/5351650/8dd6fe/gunstelinge-3.html,https://en.z-lib.gs/dl/5351650/e51cde
'n Tweede begin (Afrikaans Edition),afrikaans,https://en.z-lib.gs/book/5839280/1f6023/n-tweede-begin-afrikaans-edition.html,https://en.z-lib.gs/dl/5839280/733558
Weergalose liefde (Afrikaans Edition),afrikaans,https://en.z-lib.gs/book/19241961/eaa3a0/weergalose-liefde-afrikaans-edition.html,https://en.z-lib.gs/dl/19241961/38c339
Liefde vir ñ liefling (Afrikaans Edition) (Romanza),afrikaans,https://en.z-lib.gs/book/19244452/67ccc2/liefde-vir-%C3%B1-liefling-afrikaans-edition-romanza.html,https://en.z-lib.gs/dl/19244452/85795b
’n Man vir môre,afrikaans,https://en.z-lib.gs/book/5351331/51b0fe/n-man-vir-m%C3%B4re.html,https://en.z-lib.gs/dl/5351331/769d9a
Wanneer passie blom,afrikaans,https://en.z-lib.gs/book/5351455/5a1901/wanneer-passie-blom.html,https://en.z-lib.gs/dl/5351455/a28ccf
Omnibus 7,afrikaans,https://en.z-lib.gs/book/5351600/1b1bdd/omnibus-7.html,https://en.z-lib.gs/dl/5351600/8e99ea
Hart van ys (Afrikaans edition),afrikaans,https://en.z-lib.gs/book/19244896/a0a760/hart-van-ys-afrikaans-edition.html,https://en.z-lib.gs/dl/19244896/e37570
Omnibus 25,afrikaans,https://en.z-lib.gs/book/5351083/252ca8/omnibus-25.html,https://en.z-lib.gs/dl/5351083/3ef117
Omnibus 3,afrikaans,https://en.z-lib.gs/book/5351060/ce6fb5/omnibus-3.html,https://en.z-lib.gs/dl/5351060/d064cf
Tydlose liefde,afrikaans,https://en.z-lib.gs/book/5351079/f7a5c2/tydlose-liefde.html,https://en.z-lib.gs/dl/5351079/872b78
Van altyd af,afrikaans,https://en.z-lib.gs/book/5351080/e3c2ad/van-altyd-af.html,https://en.z-lib.gs/dl/5351080/0398be
Hans bars die bioborrel (Afrikaans Edition),afrikaans,https://en.z-lib.gs/book/19242277/70cd6c/hans-bars-die-bioborrel-afrikaans-edition.html,https://en.z-lib.gs/dl/19242277/efe244
Omnibus 26,afrikaans,https://en.z-lib.gs/book/5351084/cfce19/omnibus-26.html,https://en.z-lib.gs/dl/5351084/20dcdb
Monster,afrikaans,https://en.z-lib.gs/book/21799999/831247/monster.html,https://en.z-lib.gs/dl/21799999/c75f3a
Rivierplaas. Alba Bouwer-omnibus,afrikaans,https://en.z-lib.gs/book/2539570/f39ecd/rivierplaas-alba-bouweromnibus.html,https://en.z-lib.gs/dl/2539570/acb5d5
Haar stoute skoene,afrikaans,https://en.z-lib.gs/book/5351275/86cbd6/haar-stoute-skoene.html,https://en.z-lib.gs/dl/5351275/ae4a87
Uiteindelik verlief (Afrikaans Edition),afrikaans,https://en.z-lib.gs/book/19240173/3b7126/uiteindelik-verlief-afrikaans-edition.html,https://en.z-lib.gs/dl/19240173/a27db6
Ys,afrikaans,https://en.z-lib.gs/book/19252006/6769db/ys.html,https://en.z-lib.gs/dl/19252006/833ff7
Omnibus 3,afrikaans,https://en.z-lib.gs/book/5351686/df7c06/omnibus-3.html,https://en.z-lib.gs/dl/5351686/3b573c
